{"cameraMode":{"drawMode":0,"name":"Shaded","section":"Shading Mode"},"sceneLighting":true,"audioPlay":false,"sceneViewState":{"showFog":true,"showMaterialUpdate":false,"showSkybox":true,"showFlares":true,"showImageEffects":true,"showParticleSystems":true},"in2DMode":false,"pivot":{"x":12.57170581817627,"y":0.7954526543617249,"z":-8.145127296447754},"rotation":{"x":0.004942603874951601,"y":-0.9813799858093262,"z":0.025329114869236947,"w":0.19050705432891847},"size":0.3418802320957184,"orthographic":false}